Region;Name;OldPrice;Price;Stock;ImgUrl
Казань;Fortnite FNT0163 Машина Quadcrasher;3 669 руб.;1 989 руб.;Товар есть в наличии;/bitrix/templates/toy_2018/img/logo_forever.svg
Казань;Welly 43688 Велли Модель машины 1:34-39 Volvo XC90;509 руб.;309 руб.;Товар есть в наличии;/bitrix/templates/toy_2018/img/logo_forever.svg
Казань;Mattel Hot Wheels GWN97 Хот Вилс Коллекционные машинки в мотивационном наборе;2 599 руб.;1 689 руб.;Товар есть в наличии;/bitrix/templates/toy_2018/img/logo_forever.svg
Казань;Welly 43701 модель машины 1:34-39 Ford F-150;509 руб.;309 руб.;Товар есть в наличии;/bitrix/templates/toy_2018/img/logo_forever.svg
Казань;Welly 43710 Велли Модель машины 1:34-39 Kia Sorento;579 руб.;349 руб.;Товар есть в наличии;/bitrix/templates/toy_2018/img/logo_forever.svg
Казань;"MicroMachines MMW0034 Игрушка ""Стройка""";2 299 руб.;1 269 руб.;Товар есть в наличии;/bitrix/templates/toy_2018/img/logo_forever.svg
Казань;Welly 12819P Велли Модель мотоцикла 1:18 HONDA CBR1000RR;649 руб.;359 руб.;Товар есть в наличии;/bitrix/templates/toy_2018/img/logo_forever.svg
Казань;Welly 42371 Велли Модель машины 1:34-39 Jeep Wrangler Rubicon;449 руб.;319 руб.;Товар есть в наличии;/bitrix/templates/toy_2018/img/logo_forever.svg
Казань;Wincars YK-2221 Чистый город Разборная инерционная машина Мусоровоз, звук, свет;2 189 руб.;1 209 руб.;Товар есть в наличии;/bitrix/templates/toy_2018/img/logo_forever.svg
Казань;Welly 43689 Велли Модель машины 1:34-39 Mercedes-Benz G-Class;559 руб.;309 руб.;Товар есть в наличии;/bitrix/templates/toy_2018/img/logo_forever.svg
Казань;Welly 43738 Модель машины 1:38 Bugatti Chiron;529 руб.;349 руб.;Товар есть в наличии;/bitrix/templates/toy_2018/img/logo_forever.svg
Казань;Welly 43763 Велли Модель машины 1:34-39 LADA VESTA SW CROSS;459 руб.;329 руб.;Товар есть в наличии;/bitrix/templates/toy_2018/img/logo_forever.svg
Казань;Welly 68023A Велли автовоз с 3 вседорожными машинами;1 149 руб.;749 руб.;Товар есть в наличии;/bitrix/templates/toy_2018/img/logo_forever.svg
Казань;Mattel Hot Wheels FYK13 Хот Вилс МОНСТР ТРАК ТЯГАЧ;4 249 руб.;3 189 руб.;Товар есть в наличии;/bitrix/templates/toy_2018/img/logo_forever.svg
Казань;Childs Play LVY022 Пожарная машина;3 449 руб.;1 899 руб.;Товар есть в наличии;/bitrix/templates/toy_2018/img/logo_forever.svg
Казань;Welly 24012 Велли Модель машины 1:24 Mercedes-Benz G-Class;1 729 руб.;959 руб.;Товар есть в наличии;/bitrix/templates/toy_2018/img/logo_forever.svg
Казань;Welly 43731 Модель машины 1:50 Mercedes-Benz Sprinter;579 руб.;319 руб.;Товар есть в наличии;/bitrix/templates/toy_2018/img/logo_forever.svg
Казань;Welly 43739 Модель машины 1:38 Maserati Levante;579 руб.;319 руб.;Товар есть в наличии;/bitrix/templates/toy_2018/img/logo_forever.svg
Казань;"Screechers Wild 37754 Дикие Скричеры Машинка-трансформер ""СэндстормТайд"" л5";1 839 руб.;1 109 руб.;Товар есть в наличии;/bitrix/templates/toy_2018/img/logo_forever.svg
Казань;Welly 12852P Велли Модель мотоцикла 1:18 Honda CB1000R;579 руб.;379 руб.;Товар есть в наличии;/bitrix/templates/toy_2018/img/logo_forever.svg
Казань;Welly 12857P Велли Модель мотоцикла 1:18 HONDA GOLD WING;759 руб.;499 руб.;Товар есть в наличии;/bitrix/templates/toy_2018/img/logo_forever.svg
Казань;"Welly 98630-4C Велли Игровой набор ""Служба спасения - пожарная команда"" 4 шт";529 руб.;349 руб.;Товар есть в наличии;/bitrix/templates/toy_2018/img/logo_forever.svg
Казань;Welly 12806P Велли Модель мотоцикла 1:18 Yamaha YZF-R1;599 руб.;359 руб.;Товар есть в наличии;/bitrix/templates/toy_2018/img/logo_forever.svg
Казань;Welly 47002 Велли Модель машины 1:34-39 Chevrolet Tahoe Big Wheel;759 руб.;499 руб.;Товар есть в наличии;/bitrix/templates/toy_2018/img/logo_forever.svg
Казань;Welly 39885C Велли Модель машины 1:31 Jeep Wrangler Rubicon;689 руб.;489 руб.;Товар есть в наличии;/bitrix/templates/toy_2018/img/logo_forever.svg
Казань;Welly 24077 Велли Модель машины 1:24 Bugatti Chiron;1 849 руб.;1 479 руб.;Товар есть в наличии;/bitrix/templates/toy_2018/img/logo_forever.svg
Казань;Real Workin' Buddies 583850 Машина для уборки, 3 в 1;7 709 руб.;3 859 руб.;Товар есть в наличии;/bitrix/templates/toy_2018/img/logo_forever.svg
Казань;Welly 43763PB Велли Модель машины 1:34-39 LADA VESTA SW CROSS Полиция ДПС;459 руб.;329 руб.;Товар есть в наличии;/bitrix/templates/toy_2018/img/logo_forever.svg
Казань;Welly 43763TI Велли Модель машины 1:34-39 LADA VESTA SW CROSS Такси;459 руб.;329 руб.;Товар есть в наличии;/bitrix/templates/toy_2018/img/logo_forever.svg
Казань;Mattel Hot Wheels GCK38 Хот Вилс Трюковой тягач;4 279 руб.;3 429 руб.;Товар есть в наличии;/bitrix/templates/toy_2018/img/logo_forever.svg
Region;Name;OldPrice;Price;Stock;ImgUrl
Казань;Na! Na! Na! Surprise 577423 Набор Surprise Teens Slumber Party – Mila Rose (Persian Kitty);9 999 руб.;4 999 руб.;Товар есть в наличии;/bitrix/templates/toy_2018/img/logo_forever.svg
Казань;Mattel Star Wars HBX33 Звездные войны Игрушка плюшевая Мандалорец Малыш;6 599 руб.;5 279 руб.;Товар есть в наличии;/bitrix/templates/toy_2018/img/logo_forever.svg
Казань;L.O.L. Surprise 576396 Кукла Present Surprise Tots Asst в PDQ;2 499 руб.;1 499 руб.;Товар есть в наличии;/bitrix/templates/toy_2018/img/logo_forever.svg
Казань;Rainbow High 569640 Кукла Poppy Rowan;;5 989 руб.;Товар есть в наличии;/bitrix/templates/toy_2018/img/logo_forever.svg
Казань;Batman 6055944 Бэтмен Фигурка 30 см. с функциями;;4 879 руб.;Товар есть в наличии;/bitrix/templates/toy_2018/img/logo_forever.svg
Казань;Monster Jam 6060518 Монстр Джем Мега Мойка для траков;5 539 руб.;3 609 руб.;Товар есть в наличии;/bitrix/templates/toy_2018/img/logo_forever.svg
Казань;Roblox ROB0395 Фигурки героев Vampire Hunter 3 2 шт с аксессуарами;2 109 руб.;1 159 руб.;Товар есть в наличии;/bitrix/templates/toy_2018/img/logo_forever.svg
Казань;Roblox ROB0397 Фигурки героев Roblox's The Wild West с аксессуарами;3 069 руб.;1 689 руб.;Товар есть в наличии;/bitrix/templates/toy_2018/img/logo_forever.svg
Казань;Mattel Enchantimals GYJ02 Кукла Enchantimals дополнительная с питомцем Маура Русалка и Глайд;;929 руб.;Товар есть в наличии;/bitrix/templates/toy_2018/img/logo_forever.svg
Казань;"Pretty Pixels 38520 Студия для создания фигурных ластиков ""Любимые увлечения""";;1 669 руб.;Товар есть в наличии;/bitrix/templates/toy_2018/img/logo_forever.svg
Казань;Mattel Fisher-Price FCH23 Фишер Прайс Обучающий хамелеон;;3 659 руб.;Товар есть в наличии;/bitrix/templates/toy_2018/img/logo_forever.svg
Казань;Plus Plus 4027 Разноцветный конструктор для создания 3D моделей (камуфляж);;599 руб.;Товар есть в наличии;/bitrix/templates/toy_2018/img/logo_forever.svg
Казань;SOFTOY C2011325 Игрушка мягкая Медведь черный в толстовке 25 см.;;1 369 руб.;Товар есть в наличии;/bitrix/templates/toy_2018/img/logo_forever.svg
Казань;Wincars YK-2025N Гусеничный вездеход 4х4 Р/У, 2 комплекта колёс, USB-зарядка (в ассортименте);;3 799 руб.;Товар есть в наличии;/bitrix/templates/toy_2018/img/logo_forever.svg
Казань;"GW Development GWD002 Игра настольная ""Тролль Мания""";1 729 руб.;649 руб.;Товар есть в наличии;/bitrix/templates/toy_2018/img/logo_forever.svg
Казань;Spin Master Wizarding world 6061833 Гарри Поттер Коллекционные куклы Гермиона и Хагрид;;1 429 руб.;Товар есть в наличии;/bitrix/templates/toy_2018/img/logo_forever.svg
Казань;Hasbro Play-Doh E9040 Киоск мороженого;;1 699 руб.;Товар есть в наличии;/bitrix/templates/toy_2018/img/logo_forever.svg
Казань;Mattel Hot Wheels GVG09 Монстр трак Конструктор Трасс Игровой ящик Разрушительные трюки;;4 139 руб.;Товар есть в наличии;/bitrix/templates/toy_2018/img/logo_forever.svg
Казань;Mattel Enchantimals GYJ02 Кукла Enchantimals дополнительная с питомцем Маура Русалка и Глайд;;929 руб.;Товар есть в наличии;/bitrix/templates/toy_2018/img/logo_forever.svg
Казань;Gear Head GH51742 Игровой набор c турбиной;;2 279 руб.;Товар есть в наличии;/bitrix/templates/toy_2018/img/logo_forever.svg
Казань;Fortnite FNT0048 Фигурка Black Knight с аксессуарами;;3 779 руб.;Товар есть в наличии;/bitrix/templates/toy_2018/img/logo_forever.svg
Казань;Hasbro Disney Princess E8687 ХОЛОДНОЕ СЕРДЦЕ 2 Эльза;;649 руб.;Товар есть в наличии;/bitrix/templates/toy_2018/img/logo_forever.svg
Казань;"Paw Patrol 6059510 Щенячий патруль Фигурка Маршала с Динозавром ""Дино-миссия""";;1 649 руб.;Товар есть в наличии;/bitrix/templates/toy_2018/img/logo_forever.svg
Казань;Wincars YK-2220 Пожарная часть Разборная инерционная машина с цистерной и водомётом, звук, свет;;2 189 руб.;Товар есть в наличии;/bitrix/templates/toy_2018/img/logo_forever.svg
Казань;LEGO City 60301 Конструктор ЛЕГО Город Wildlife:Спасательный внедорожник для зверей;3 799 руб.;2 849 руб.;Товар есть в наличии;/bitrix/templates/toy_2018/img/logo_forever.svg
Казань;LEGO Disney Princess 43196 Конструктор ЛЕГО Принцессы Дисней Замок Белль и Чудовища;7 499 руб.;5 629 руб.;Товар есть в наличии;/bitrix/templates/toy_2018/img/logo_forever.svg
Казань;LEGO VIDIYO 43109 Конструктор ЛЕГО Битбокс Дракона-Металлиста;;1 499 руб.;Товар есть в наличии;/bitrix/templates/toy_2018/img/logo_forever.svg
Казань;LEGO Classic 11015 Конструктор ЛЕГО Классик Вокруг света;4 499 руб.;3 149 руб.;Товар есть в наличии;/bitrix/templates/toy_2018/img/logo_forever.svg
Казань;"LEGO DOTs 41934 ЛЕГО Дотс Браслет ""Звёздное небо""";499 руб.;379 руб.;Товар есть в наличии;/bitrix/templates/toy_2018/img/logo_forever.svg
Казань;LEGO VIDIYO 43110 Конструктор ЛЕГО Битбокс Феи Фолка;;1 499 руб.;Товар есть в наличии;/bitrix/templates/toy_2018/img/logo_forever.svg
Казань;LEGO City 60302 Конструктор ЛЕГО Город Wildlife: Операция по спасению зверей;8 499 руб.;6 379 руб.;Товар есть в наличии;/bitrix/templates/toy_2018/img/logo_forever.svg
Казань;"LEGO VIDIYO 43115 Конструктор ЛЕГО Набор ""Бумбокс""";;8 499 руб.;Товар есть в наличии;/bitrix/templates/toy_2018/img/logo_forever.svg
Region;Name;OldPrice;Price;Stock;ImgUrl
Казань;"Welly 97506M Велли Игровой набор ""Военная техника"" 5 шт.";669 руб.;469 руб.;Товар есть в наличии;/bitrix/templates/toy_2018/img/logo_forever.svg
Казань;Welly 12845P Велли модель мотоцикла Kawasaki Ninja ZX-10RR;579 руб.;379 руб.;Товар есть в наличии;/bitrix/templates/toy_2018/img/logo_forever.svg
Казань;Wincars YK-2206 Автобус с большими колёсами инерционный металл.10 см (в ассортименте);639 руб.;359 руб.;Товар есть в наличии;/bitrix/templates/toy_2018/img/logo_forever.svg
Казань;Welly 39893 Велли Модель машины Chevrolet Silverado 1:32;639 руб.;419 руб.;Товар есть в наличии;/bitrix/templates/toy_2018/img/logo_forever.svg
Казань;Childs Play LVY026 Машина Скорая помощь;2 879 руб.;1 589 руб.;Товар есть в наличии;/bitrix/templates/toy_2018/img/logo_forever.svg
Казань;"Screechers Wild 37751 Дикие Скричеры Машинка-трансформер ""Эндлес Файр"" л4";1 839 руб.;1 109 руб.;Товар есть в наличии;/bitrix/templates/toy_2018/img/logo_forever.svg
Казань;Wincars YK-2218 Пожарная часть Разборная инерционная машина с подъёмником, звук, свет;1 729 руб.;1 039 руб.;Товар есть в наличии;/bitrix/templates/toy_2018/img/logo_forever.svg
Казань;Eztec 60985 Железная дорога CHRISTMAS TRAIN (53 части);2 999 руб.;2 409 руб.;Товар есть в наличии;/bitrix/templates/toy_2018/img/logo_forever.svg
Казань;Welltoy WT-1002 Бетономешалка;919 руб.;509 руб.;Товар есть в наличии;/bitrix/templates/toy_2018/img/logo_forever.svg
Казань;Welltoy WT-1007 Каток;919 руб.;509 руб.;Товар есть в наличии;/bitrix/templates/toy_2018/img/logo_forever.svg
Казань;Welltoy WT-1010 Погрузчик фронтальный;919 руб.;509 руб.;Товар есть в наличии;/bitrix/templates/toy_2018/img/logo_forever.svg
Казань;Welltoy WT-1012 Экскаватор;919 руб.;509 руб.;Товар есть в наличии;/bitrix/templates/toy_2018/img/logo_forever.svg
Казань;"MicroMachines MMW0033 Игрушка ""Пожарная станция""";2 299 руб.;1 269 руб.;Товар есть в наличии;/bitrix/templates/toy_2018/img/logo_forever.svg
Казань;Welly 12853P Велли Модель мотоцикла 1:18 HONDA CBR650F;709 руб.;389 руб.;Товар есть в наличии;/bitrix/templates/toy_2018/img/logo_forever.svg
Казань;"Welly 99931 Велли Модель автобуса ""London bus NEW""";;819 руб.;Товар есть в наличии;/bitrix/templates/toy_2018/img/logo_forever.svg
Казань;Welly 12856P Велли Модель мотоцикла 1:18 YAMAHA YZF-R6;759 руб.;419 руб.;Товар есть в наличии;/bitrix/templates/toy_2018/img/logo_forever.svg
Казань;"Welly 98630-4B Велли Игровой набор ""Служба спасения - скорая помощь"" 4 шт";529 руб.;319 руб.;Товар есть в наличии;/bitrix/templates/toy_2018/img/logo_forever.svg
Казань;Daesung 406 Дайсунг Машина самосвал;2 249 руб.;1 239 руб.;Товар есть в наличии;/bitrix/templates/toy_2018/img/logo_forever.svg
Казань;Welly 39887 Велли Модель машины 1:32 HUMMER H3;769 руб.;469 руб.;Товар есть в наличии;/bitrix/templates/toy_2018/img/logo_forever.svg
Казань;Welly 12148P Велли Модель мотоцикла 1:18 HONDA Gold Wing;649 руб.;359 руб.;Товар есть в наличии;/bitrix/templates/toy_2018/img/logo_forever.svg
Казань;Welly 12164P Велли Модель мотоцикла 1:18 MOTORCYCLE / HONDA CBR900RR FIREBLADE;649 руб.;359 руб.;Товар есть в наличии;/bitrix/templates/toy_2018/img/logo_forever.svg
Казань;Welly 99930C Велли Модель автобуса 1:60-64 London Bus открытый;;539 руб.;Товар есть в наличии;/bitrix/templates/toy_2018/img/logo_forever.svg
Казань;Welly 99636 Велли Модель Погрузчик;639 руб.;359 руб.;Товар есть в наличии;/bitrix/templates/toy_2018/img/logo_forever.svg
Казань;Welly 52590 Велли Модель автобуса Mercedes-Benz (в ассортименте);809 руб.;529 руб.;Товар есть в наличии;/bitrix/templates/toy_2018/img/logo_forever.svg
Казань;Welly 2652 Велли Модель квадроцикла 1:18 KAWASAKI;599 руб.;389 руб.;Товар есть в наличии;/bitrix/templates/toy_2018/img/logo_forever.svg
Казань;Welly 99633 Велли Модель машины Автокран;799 руб.;439 руб.;Товар есть в наличии;/bitrix/templates/toy_2018/img/logo_forever.svg
Казань;Paw Patrol 16605 Щенячий патруль Машинка спасателя (в ассортименте);929 руб.;597 руб.;Товар есть в наличии;/bitrix/templates/toy_2018/img/logo_forever.svg
Казань;Welly 47001 Велли Модель машины 1:34-39 Hummer H3 Big Wheel;759 руб.;459 руб.;Товар есть в наличии;/bitrix/templates/toy_2018/img/logo_forever.svg
Казань;Welly 43704 модель машины 1:34-39 Mercedes-Benz G63 AMG 6x6;;579 руб.;Товар есть в наличии;/bitrix/templates/toy_2018/img/logo_forever.svg
Казань;"Mattel Hot Wheels FDY11 Хот Вилс Дополнительные детали для ""Умная"" трасса с Р/У машинками";5 369 руб.;3 759 руб.;Товар есть в наличии;/bitrix/templates/toy_2018/img/logo_forever.svg
Region;Name;OldPrice;Price;Stock;ImgUrl
Казань;Welly 47006S Велли Модель машины 1:34-39 School Bus Big Wheel Monster;729 руб.;479 руб.;Товар есть в наличии;/bitrix/templates/toy_2018/img/logo_forever.svg
Казань;Screechers Wild 34821 Дикие Скричеры Машинка-трансформер Найтбайт л1;;1 379 руб.;Товар есть в наличии;/bitrix/templates/toy_2018/img/logo_forever.svg
Казань;Welly 43763FS Велли Модель машины 1:34-39 LADA VESTA SW CROSS Пожарная охрана;459 руб.;329 руб.;Товар есть в наличии;/bitrix/templates/toy_2018/img/logo_forever.svg
Казань;Welly 43763RY Велли Модель машины 1:34-39 LADA VESTA SW CROSS Sport;459 руб.;329 руб.;Товар есть в наличии;/bitrix/templates/toy_2018/img/logo_forever.svg
Казань;Welly 43747 Велли Модель машины 1:38 Mercedes-Benz AMG GT R;;419 руб.;Товар есть в наличии;/bitrix/templates/toy_2018/img/logo_forever.svg
Казань;Welly 43757 Велли Модель машины 1:38 McLaren 675LT Coupe;;419 руб.;Товар есть в наличии;/bitrix/templates/toy_2018/img/logo_forever.svg
Казань;"Welly 97506A-1 Велли Игровой набор ""Полицейская команда"" 5 шт.";639 руб.;449 руб.;Товар есть в наличии;/bitrix/templates/toy_2018/img/logo_forever.svg
Казань;"Welly 97506R-1 Велли Игровой набор ""Строительная техника"" 5 шт.";649 руб.;429 руб.;Товар есть в наличии;/bitrix/templates/toy_2018/img/logo_forever.svg
Казань;Welly 12846P Велли модель мотоцикла Kawasaki Ninja 1000R;579 руб.;379 руб.;Товар есть в наличии;/bitrix/templates/toy_2018/img/logo_forever.svg
Казань;Wincars YK-2202 Ретромодель с большими колёсами инерционная металлическая 13 см, (в ассортименте);899 руб.;539 руб.;Товар есть в наличии;/bitrix/templates/toy_2018/img/logo_forever.svg
Казань;Welly 24094 Велли Модель машины 1:24 Lamborghini Urus;2 129 руб.;1 179 руб.;Товар есть в наличии;/bitrix/templates/toy_2018/img/logo_forever.svg
Казань;Mattel Hot Wheels GFH88 Хот Вилс Яростный Ти-рекс;7 759 руб.;5 049 руб.;Товар есть в наличии;/bitrix/templates/toy_2018/img/logo_forever.svg
Казань;"Mattel Hot Wheels GGP93 Хот Вилс Конструктор трасс ""Премиальный трюковой набор""";7 539 руб.;6 039 руб.;Товар есть в наличии;/bitrix/templates/toy_2018/img/logo_forever.svg
Казань;Rev&Roll EU881041 Фигурка+машинка (метал) - Оуен и Крэш;1 289 руб.;489 руб.;Товар есть в наличии;/bitrix/templates/toy_2018/img/logo_forever.svg
Казань;"Screechers Wild 37757 Дикие Скричеры. Машинка-трансформер ""Фрэкчур"" л5";1 839 руб.;919 руб.;Товар есть в наличии;/bitrix/templates/toy_2018/img/logo_forever.svg
Казань;"Screechers Wild 37762 Дикие Скричеры Машинка-трансформер ""Гроул"" л6.";2 299 руб.;1 379 руб.;Товар есть в наличии;/bitrix/templates/toy_2018/img/logo_forever.svg
Казань;Fortnite FNT0277 Модель транспортного средства (Rush);1 499 руб.;829 руб.;Товар есть в наличии;/bitrix/templates/toy_2018/img/logo_forever.svg
Казань;Wincars YK-2215 Большая стройка Разборная инерционная машина Экскаватор, звук, свет;;1 609 руб.;Товар есть в наличии;/bitrix/templates/toy_2018/img/logo_forever.svg
Казань;Wincars YK-2216 Большая стройка Разборная инерционная машина Бетономешалка, звук, свет;;1 609 руб.;Товар есть в наличии;/bitrix/templates/toy_2018/img/logo_forever.svg
Казань;Wincars YK-2219 Пожарная часть Разборная инерционная машина с водомётом, звук, свет;1 729 руб.;959 руб.;Товар есть в наличии;/bitrix/templates/toy_2018/img/logo_forever.svg
Казань;Wincars YK-2222 Чистый город Подметально-уборочная машина, звук, свет;2 189 руб.;1 319 руб.;Товар есть в наличии;/bitrix/templates/toy_2018/img/logo_forever.svg
Казань;Welltoy WT-1004 Самосвал;919 руб.;509 руб.;Товар есть в наличии;/bitrix/templates/toy_2018/img/logo_forever.svg
Казань;Welltoy WT-1006 Автокран;919 руб.;509 руб.;Товар есть в наличии;/bitrix/templates/toy_2018/img/logo_forever.svg
Казань;Welltoy WT-1013 Гусеничный кран;919 руб.;509 руб.;Товар есть в наличии;/bitrix/templates/toy_2018/img/logo_forever.svg
Казань;"MicroMachines MMW0035 Игрушка ""Автомойка""";2 299 руб.;1 269 руб.;Товар есть в наличии;/bitrix/templates/toy_2018/img/logo_forever.svg
Казань;MicroMachines MMW0043 Игровой набор;3 219 руб.;1 939 руб.;Товар есть в наличии;/bitrix/templates/toy_2018/img/logo_forever.svg
Казань;"MicroMachines MMW0072 Игрушка ""Легенды автопрома WP1""";1 299 руб.;719 руб.;Товар есть в наличии;/bitrix/templates/toy_2018/img/logo_forever.svg
Казань;"Welly 95210-3A Велли Игровой ""Пожарная команда"" 3 шт.";669 руб.;369 руб.;Товар есть в наличии;/bitrix/templates/toy_2018/img/logo_forever.svg
Казань;Welly 12854P Велли Модель мотоцикла 1:18 HONDA NC750S;709 руб.;389 руб.;Товар есть в наличии;/bitrix/templates/toy_2018/img/logo_forever.svg
Казань;Mattel Hot Wheels GYC81 Монстр трак Трюковой набор Воздушный поединок;;1 979 руб.;Товар есть в наличии;/bitrix/templates/toy_2018/img/logo_forever.svg
Region;Name;OldPrice;Price;Stock;ImgUrl
Казань;Mattel Hot Wheels GVG09 Монстр трак Конструктор Трасс Игровой ящик Разрушительные трюки;;4 139 руб.;Товар есть в наличии;/bitrix/templates/toy_2018/img/logo_forever.svg
Казань;"Paw Patrol 6061056 Щенячий патруль Тру Метал Кино ""Спасение Города""";6 989 руб.;4 899 руб.;Товар есть в наличии;/bitrix/templates/toy_2018/img/logo_forever.svg
Казань;"Welly 98630-9C Велли Игровой набор ""Служба спасения - пожарная команда"" 9 шт";819 руб.;599 руб.;Товар есть в наличии;/bitrix/templates/toy_2018/img/logo_forever.svg
Казань;"Welly 98630-4A Велли Игровой набор ""Служба спасения - полиция"" 4 шт";579 руб.;319 руб.;Товар есть в наличии;/bitrix/templates/toy_2018/img/logo_forever.svg
Казань;"Welly 98630-9A Велли Игровой набор ""Служба спасения - полиция"" 9 шт";;909 руб.;Товар есть в наличии;/bitrix/templates/toy_2018/img/logo_forever.svg
Казань;"Welly 98630-9B Велли Игровой набор ""Служба спасения - скорая помощь"" 9 шт";819 руб.;729 руб.;Товар есть в наличии;/bitrix/templates/toy_2018/img/logo_forever.svg
Казань;"Welly 99610-3B Велли Игровой набор машин ""Строительная техника"" 3 шт";1 129 руб.;679 руб.;Товар есть в наличии;/bitrix/templates/toy_2018/img/logo_forever.svg
Казань;Daesung 953-1 Дайсунг Машина самосвал MAX;2 589 руб.;1 299 руб.;Товар есть в наличии;/bitrix/templates/toy_2018/img/logo_forever.svg
Казань;Welly 99610B Велли Модель грузовика (в ассортименте);499 руб.;329 руб.;Товар есть в наличии;/bitrix/templates/toy_2018/img/logo_forever.svg
Казань;Welly 99610C Велли Модель грузовика (в ассортименте);499 руб.;329 руб.;Товар есть в наличии;/bitrix/templates/toy_2018/img/logo_forever.svg
Казань;Welly 99610D Велли Модель грузовика (в ассортименте);499 руб.;329 руб.;Товар есть в наличии;/bitrix/templates/toy_2018/img/logo_forever.svg
Казань;Welly 39882 Велли Модель машины 1:33 LAND ROVER RANGE;769 руб.;469 руб.;Товар есть в наличии;/bitrix/templates/toy_2018/img/logo_forever.svg
Казань;Welly 42387C Велли Модель машины 1:34-39 ГАЗель фургон;549 руб.;359 руб.;Товар есть в наличии;/bitrix/templates/toy_2018/img/logo_forever.svg
Казань;Welly 42387B Велли Модель машины 1:34-39 ГАЗель фургон с окном;499 руб.;379 руб.;Товар есть в наличии;/bitrix/templates/toy_2018/img/logo_forever.svg
Казань;Welly 42312 Велли Модель машины 1:34-39 2001 CHEVROLET SUBURBAN;;399 руб.;Товар есть в наличии;/bitrix/templates/toy_2018/img/logo_forever.svg
Казань;Welly 42335 Велли Модель машины 1:34-39 2003 LOTUS ELISE IIIS;;419 руб.;Товар есть в наличии;/bitrix/templates/toy_2018/img/logo_forever.svg
Казань;Welly 42386RY Велли Модель машины 1:34-39 LADA 4x4 Rally;;549 руб.;Товар есть в наличии;/bitrix/templates/toy_2018/img/logo_forever.svg
Казань;Welly 42386MC Велли Модель машины 1:34-39 LADA 4x4 ВОЕННАЯ АВТОИНСПЕКЦИЯ;549 руб.;309 руб.;Товар есть в наличии;/bitrix/templates/toy_2018/img/logo_forever.svg
Казань;Welly 24011 Велли Модель машины 1:24 Porsche Panamera S;1 449 руб.;1 097 руб.;Товар есть в наличии;/bitrix/templates/toy_2018/img/logo_forever.svg
Казань;Welly 99930 Велли Модель автобуса 1:60-64 London Bus;539 руб.;329 руб.;Товар есть в наличии;/bitrix/templates/toy_2018/img/logo_forever.svg
Казань;Welly 24042 Велли Модель машины 1:24 Chevrolet Camaro;1 809 руб.;999 руб.;Товар есть в наличии;/bitrix/templates/toy_2018/img/logo_forever.svg
Казань;Welly 43646 Велли Модель машины 1:34-39 Lotus T125;379 руб.;339 руб.;Товар есть в наличии;/bitrix/templates/toy_2018/img/logo_forever.svg
Казань;Welly 39889 Велли Модель машины 1:32 Mercedes-Benz G-класс;;769 руб.;Товар есть в наличии;/bitrix/templates/toy_2018/img/logo_forever.svg
Казань;Welly 43691 Велли Модель машины 1:34-39 BMW X5;;489 руб.;Товар есть в наличии;/bitrix/templates/toy_2018/img/logo_forever.svg
Казань;Welly 24060 Велли Модель машины 1:24 Jaguar F-Type;1 729 руб.;959 руб.;Товар есть в наличии;/bitrix/templates/toy_2018/img/logo_forever.svg
Казань;Welly 24063 Велли Модель машины 1:24 Ford F-150;1 449 руб.;1 249 руб.;Товар есть в наличии;/bitrix/templates/toy_2018/img/logo_forever.svg
Казань;Welly 47003 Велли Модель машины 1:34-39 Toyota FJ Cruiser Big Wheel;759 руб.;459 руб.;Товар есть в наличии;/bitrix/templates/toy_2018/img/logo_forever.svg
Казань;Soma 78878 Полицейский внедорожник 18 см;869 руб.;779 руб.;Товар есть в наличии;/bitrix/templates/toy_2018/img/logo_forever.svg
Казань;Soma 78888 Строительный внедорожник 18 см;869 руб.;779 руб.;Товар есть в наличии;/bitrix/templates/toy_2018/img/logo_forever.svg
Казань;Corpa HW221 Игровой набор юного механика Hot Wheels на блистере;669 руб.;369 руб.;Товар есть в наличии;/bitrix/templates/toy_2018/img/logo_forever.svg
Region;Name;OldPrice;Price;Stock;ImgUrl
Казань;Corpa HW222 Игровой набор юного механика Hot Wheels компактный;709 руб.;569 руб.;Товар есть в наличии;/bitrix/templates/toy_2018/img/logo_forever.svg
Казань;Corpa HW224 Игровой набор юного механика Hot Wheels большой;1 149 руб.;919 руб.;Товар есть в наличии;/bitrix/templates/toy_2018/img/logo_forever.svg
Казань;Mattel Thomas & Friends CKW31 Томас и друзья Локомотив Дизель с автоматическим механизмом;1 239 руб.;809 руб.;Товар есть в наличии;/bitrix/templates/toy_2018/img/logo_forever.svg
Казань;Mattel Thomas & Friends DFN37 Томас и друзья Бесстрашный Фредди с автоматическим механизмом;1 239 руб.;809 руб.;Товар есть в наличии;/bitrix/templates/toy_2018/img/logo_forever.svg
Казань;Welly 24061 Велли Модель машины 1:24 Mercedes-Benz G63 AMG 6x6;;2 509 руб.;Товар есть в наличии;/bitrix/templates/toy_2018/img/logo_forever.svg
Казань;Welly 24065 Велли Модель машины 1:24 Audi R8 V10;1 499 руб.;899 руб.;Товар есть в наличии;/bitrix/templates/toy_2018/img/logo_forever.svg
Казань;Welly 96020 Велли Игровой набор Гараж, включает 1 машину;619 руб.;409 руб.;Товар есть в наличии;/bitrix/templates/toy_2018/img/logo_forever.svg
Казань;Welly 96040 Велли Игровой набор Гараж, включает 3 машины и вертолет;1 669 руб.;1 089 руб.;Товар есть в наличии;/bitrix/templates/toy_2018/img/logo_forever.svg
Казань;Mattel Blaze DTK20 Blaze Вспыш и его друзья чудо-машинки;739 руб.;659 руб.;Товар есть в наличии;/bitrix/templates/toy_2018/img/logo_forever.svg
Казань;Mattel Hot Wheels BBL47 Хот Вилс Самолёты (в ассортименте);539 руб.;359 руб.;Товар есть в наличии;/bitrix/templates/toy_2018/img/logo_forever.svg
Казань;Welly 24070 Велли Модель машины 1:24 Jaguar F-Pace;1 609 руб.;1 129 руб.;Товар есть в наличии;/bitrix/templates/toy_2018/img/logo_forever.svg
Казань;Welly 96050 Велли Игровой набор Гараж, 3 уровня, включает 3 машины и вертолет;;1 899 руб.;Товар есть в наличии;/bitrix/templates/toy_2018/img/logo_forever.svg
Казань;Mattel Cars FCX95 Ассортимент машинок - перевёртышей;;5 639 руб.;Товар есть в наличии;/bitrix/templates/toy_2018/img/logo_forever.svg
Казань;Welly 42371C-CM Велли Модель военной машины 1:34-39 Jeep Wrangler Rubicon;409 руб.;307 руб.;Товар есть в наличии;/bitrix/templates/toy_2018/img/logo_forever.svg
Казань;Welly 43629CM Велли Модель военной машины 1:34-39 Hummer H3;369 руб.;307 руб.;Товар есть в наличии;/bitrix/templates/toy_2018/img/logo_forever.svg
Казань;Hasbro Nerf Nitro C0774 Нерф Нитро машинки 3 шт;1 079 руб.;539 руб.;Товар есть в наличии;/bitrix/templates/toy_2018/img/logo_forever.svg
Казань;Welly 68000 Велли Модель тягача 1:64 Scania V8 R731;;469 руб.;Товар есть в наличии;/bitrix/templates/toy_2018/img/logo_forever.svg
Казань;Wincars 86048-B Набор металлических машин военная техника 3 штуки;;749 руб.;Товар есть в наличии;/bitrix/templates/toy_2018/img/logo_forever.svg
Казань;Wincars U1401A-5 Бульдозер;;419 руб.;Товар есть в наличии;/bitrix/templates/toy_2018/img/logo_forever.svg
Казань;Wincars U1403C-3 Автодом с прицепом;;689 руб.;Товар есть в наличии;/bitrix/templates/toy_2018/img/logo_forever.svg
Казань;Wincars 86048-PT2083 Набор металлических машин авторалли 3 штуки;;659 руб.;Товар есть в наличии;/bitrix/templates/toy_2018/img/logo_forever.svg
Казань;Mattel Thomas & Friends DTN26 Томас и друзья Паровозики с крутящимися шариками;739 руб.;479 руб.;Товар есть в наличии;/bitrix/templates/toy_2018/img/logo_forever.svg
Казань;"Mattel Thomas & Friends FBC54 Мой первый Томас Переносные игровые наборы ""Куб""";1 659 руб.;1 079 руб.;Товар есть в наличии;/bitrix/templates/toy_2018/img/logo_forever.svg
Казань;"Mattel Thomas & Friends FBC52 Мой первый Томас Переносные игровые наборы ""Куб""";;1 909 руб.;Товар есть в наличии;/bitrix/templates/toy_2018/img/logo_forever.svg
Казань;Welly 12810P Велли Модель мотоцикла BMW S1000RR;529 руб.;349 руб.;Товар есть в наличии;/bitrix/templates/toy_2018/img/logo_forever.svg
Казань;Welly 24055 Велли Модель машины 1:24 Porsche 918 Spyder;1 609 руб.;1 129 руб.;Товар есть в наличии;/bitrix/templates/toy_2018/img/logo_forever.svg
Казань;Welly 24078 Велли Модель машины 1:24 Maserati Levante;1 609 руб.;1 129 руб.;Товар есть в наличии;/bitrix/templates/toy_2018/img/logo_forever.svg
Казань;Welly 24082 Велли Модель машины 1:24 Ford GT;;1 439 руб.;Товар есть в наличии;/bitrix/templates/toy_2018/img/logo_forever.svg
Казань;Welly 24083 Велли Модель машины 1:24 Chevrolet Silverado;1 729 руб.;959 руб.;Товар есть в наличии;/bitrix/templates/toy_2018/img/logo_forever.svg
Казань;Welly 24085 Велли Модель машины 1:24 Chevrolet Corvette;1 439 руб.;939 руб.;Товар есть в наличии;/bitrix/templates/toy_2018/img/logo_forever.svg
Region;Name;OldPrice;Price;Stock;ImgUrl
Казань;Monster Jam 6044941-Z Монстр Джем Машинка;;599 руб.;Товар есть в наличии;/bitrix/templates/toy_2018/img/logo_forever.svg
Казань;Monster Jam 6044943-Blu Монстр Джем машинки, меняющие цвет (2 шт в ассортименте);1 329 руб.;939 руб.;Товар есть в наличии;/bitrix/templates/toy_2018/img/logo_forever.svg
Казань;Monster Jam 6044943-Gr Монстр Джем машинки, меняющие цвет (2 шт в ассортименте);1 379 руб.;899 руб.;Товар есть в наличии;/bitrix/templates/toy_2018/img/logo_forever.svg
Казань;Monster Jam 6044943-Pin Монстр Джем машинки, меняющие цвет (2 шт в ассортименте);1 379 руб.;899 руб.;Товар есть в наличии;/bitrix/templates/toy_2018/img/logo_forever.svg
Казань;Monster Jam 6044943-Y Монстр Джем машинки, меняющие цвет (2 шт в ассортименте);1 329 руб.;869 руб.;Товар есть в наличии;/bitrix/templates/toy_2018/img/logo_forever.svg
Казань;"Mattel Hot Wheels GTT69 Хот Вилс Игровой набор ""Сити с монстрами-злодеями"" (в ассортименте)";;3 369 руб.;Товар есть в наличии;/bitrix/templates/toy_2018/img/logo_forever.svg
Казань;"Mattel Hot Wheels GTT70 Хот Вилс Игровой набор ""Сити с монстрами-злодеями"" (в ассортименте)";;3 369 руб.;Товар есть в наличии;/bitrix/templates/toy_2018/img/logo_forever.svg
Казань;Mattel Hot Wheels GTT94 Игровой набор Сити Атака бешеной гориллы;9 729 руб.;7 789 руб.;Товар есть в наличии;/bitrix/templates/toy_2018/img/logo_forever.svg
Казань;Mattel Hot Wheels GVG10 Конструктор Трасс Автотрек Бесконечная петля;;6 159 руб.;Товар есть в наличии;/bitrix/templates/toy_2018/img/logo_forever.svg
Казань;Fortnite FNT0732 Транспортное средство Reboot Van с фигуркой;;5 999 руб.;Товар есть в наличии;/bitrix/templates/toy_2018/img/logo_forever.svg
Казань;Fortnite FNT0815 Транспортное средство Whiplash с фигуркой;;2 999 руб.;Товар есть в наличии;/bitrix/templates/toy_2018/img/logo_forever.svg
Казань;Mattel Mega Construx GVM13 Hot Wheels Большой игровой набор;;3 589 руб.;Товар есть в наличии;/bitrix/templates/toy_2018/img/logo_forever.svg
Казань;Wow Wee 5569 Power Treads Вездеход с автотреком;;5 119 руб.;Товар есть в наличии;/bitrix/templates/toy_2018/img/logo_forever.svg
Казань;"MicroMachines MMW0008 Игрушка ""Гоночные автомобили SP1""";;689 руб.;Товар есть в наличии;/bitrix/templates/toy_2018/img/logo_forever.svg
Казань;Welly 42384 Велли Модель машины 1:34-39 Волга;579 руб.;289 руб.;Товар есть в наличии;/bitrix/templates/toy_2018/img/logo_forever.svg
Казань;Welly 42384PB Велли Модель машины 1:34-39 Волга МИЛИЦИЯ ДПС;579 руб.;289 руб.;Товар есть в наличии;/bitrix/templates/toy_2018/img/logo_forever.svg
Казань;Welly 42384TI Велли Модель машины 1:34-39 Волга ТАКСИ;579 руб.;289 руб.;Товар есть в наличии;/bitrix/templates/toy_2018/img/logo_forever.svg
Казань;Welly 42387AAP Велли Модель машины 1:34-39 ГАЗель АЭРОПОРТ;539 руб.;299 руб.;Товар есть в наличии;/bitrix/templates/toy_2018/img/logo_forever.svg
Казань;Welly 42387CCN Велли Модель машины 1:34-39 ГАЗель ИНКАССАЦИЯ;579 руб.;289 руб.;Товар есть в наличии;/bitrix/templates/toy_2018/img/logo_forever.svg
Казань;Welly 42387APB Велли Модель машины 1:34-39 ГАЗель МИЛИЦИЯ ДПС;579 руб.;289 руб.;Товар есть в наличии;/bitrix/templates/toy_2018/img/logo_forever.svg
Казань;Welly 42387A Велли Модель машины 1:34-39 ГАЗель пассажирская;579 руб.;289 руб.;Товар есть в наличии;/bitrix/templates/toy_2018/img/logo_forever.svg
Казань;Welly 42387AFS Велли Модель машины 1:34-39 ГАЗель ПОЖАРНАЯ ОХРАНА;539 руб.;299 руб.;Товар есть в наличии;/bitrix/templates/toy_2018/img/logo_forever.svg
Казань;Welly 42387BAE Велли Модель машины 1:34-39 ГАЗель СКОРАЯ ПОМОЩЬ;579 руб.;289 руб.;Товар есть в наличии;/bitrix/templates/toy_2018/img/logo_forever.svg
Казань;Welly 42387ATI Велли Модель машины 1:34-39 ГАЗель ТАКСИ;579 руб.;289 руб.;Товар есть в наличии;/bitrix/templates/toy_2018/img/logo_forever.svg
Казань;Welly 42387CTB Велли Модель машины 1:34-39 ГАЗель ТЕЛЕВИДЕНИЕ;579 руб.;289 руб.;Товар есть в наличии;/bitrix/templates/toy_2018/img/logo_forever.svg
Казань;Welly 42385 Велли Модель машины 1:34-39 LADA 110;579 руб.;289 руб.;Товар есть в наличии;/bitrix/templates/toy_2018/img/logo_forever.svg
Казань;Welly 42385PB Велли Модель машины 1:34-39 LADA 110 МИЛИЦИЯ ДПС;579 руб.;289 руб.;Товар есть в наличии;/bitrix/templates/toy_2018/img/logo_forever.svg
Казань;Welly 42381 Велли Модель машины 1:34-39 LADA 2106;579 руб.;289 руб.;Товар есть в наличии;/bitrix/templates/toy_2018/img/logo_forever.svg
Казань;Welly 42381PB Велли Модель машины 1:34-39 LADA 2106 МИЛИЦИЯ ДПС;579 руб.;289 руб.;Товар есть в наличии;/bitrix/templates/toy_2018/img/logo_forever.svg
Казань;Welly 42381TI Велли Модель машины 1:34-39 LADA 2106 ТАКСИ;579 руб.;289 руб.;Товар есть в наличии;/bitrix/templates/toy_2018/img/logo_forever.svg
Region;Name;OldPrice;Price;Stock;ImgUrl
Казань;Welly 43775 Велли Модель машины 1:34-39 Lamborghini Urus;459 руб.;299 руб.;Товар есть в наличии;/bitrix/templates/toy_2018/img/logo_forever.svg
Казань;Rev&Roll EU881120 Мини машинка - Элли;619 руб.;239 руб.;Товар есть в наличии;/bitrix/templates/toy_2018/img/logo_forever.svg
Казань;Rev&Roll EU881130 Мини машинка - Сприцер;619 руб.;239 руб.;Товар есть в наличии;/bitrix/templates/toy_2018/img/logo_forever.svg
Казань;Rev&Roll EU881140 Мини машинка - Крэш;619 руб.;239 руб.;Товар есть в наличии;/bitrix/templates/toy_2018/img/logo_forever.svg
Казань;Rev&Roll EU881150 Мини машинка - Типпер;619 руб.;239 руб.;Товар есть в наличии;/bitrix/templates/toy_2018/img/logo_forever.svg
Казань;Welly 52001 Велли Модель машины 1:60 LADA Vesta и LADA Vesta SW cross (в ассортименте);169 руб.;109 руб.;Товар есть в наличии;/bitrix/templates/toy_2018/img/logo_forever.svg
Казань;Rev&Roll RU881800 Машинка инерционная (пластик) в ассортименте;289 руб.;109 руб.;Товар есть в наличии;/bitrix/templates/toy_2018/img/logo_forever.svg
Казань;1toy T19359 Трюк-трек Машинка фрикционная (пластик+металл) с 1 аксессуаром (в ассортименте);329 руб.;219 руб.;Товар есть в наличии;/bitrix/templates/toy_2018/img/logo_forever.svg
Казань;MicroMachines MMW0003 Игрушка в закрытой упаковке С2;279 руб.;169 руб.;Товар есть в наличии;/bitrix/templates/toy_2018/img/logo_forever.svg
Казань;Welly 43778 Велли Модель машины 1:34-39 BMW Isetta;539 руб.;299 руб.;Товар есть в наличии;/bitrix/templates/toy_2018/img/logo_forever.svg
Казань;Welly 43786 Велли Модель машины 1:34-39 TOYOTA SUPRA;459 руб.;259 руб.;Товар есть в наличии;/bitrix/templates/toy_2018/img/logo_forever.svg
Казань;Welly 43796 Велли Модель машины 1:34-39 MCLAREN GT;539 руб.;299 руб.;Товар есть в наличии;/bitrix/templates/toy_2018/img/logo_forever.svg
Казань;Welly 43777 Велли Модель машины 1:34-39 ASTON MARTIN DBS SUPERLEGGERA;519 руб.;289 руб.;Товар есть в наличии;/bitrix/templates/toy_2018/img/logo_forever.svg
Казань;Welly 43779 Велли Модель машины 1:34-39 BMW 507;519 руб.;289 руб.;Товар есть в наличии;/bitrix/templates/toy_2018/img/logo_forever.svg
Казань;Welly 43781 Велли Модель машины 1:34-39 Porsche 911 Carrera 4S;459 руб.;259 руб.;Товар есть в наличии;/bitrix/templates/toy_2018/img/logo_forever.svg
Казань;Welly 43782 Велли Модель машины 1:34-39 Mercedes-Benz X-Class;519 руб.;289 руб.;Товар есть в наличии;/bitrix/templates/toy_2018/img/logo_forever.svg
Казань;Welly 43788 Велли Модель машины 1:34-39 JEEP GLADIATOR;439 руб.;249 руб.;Товар есть в наличии;/bitrix/templates/toy_2018/img/logo_forever.svg
Казань;Mattel Hot Wheels N2799 Хот Вилс Базовые машинки на стрип ленте (в ассортименте);269 руб.;169 руб.;Товар есть в наличии;/bitrix/templates/toy_2018/img/logo_forever.svg
Казань;Welly 43797 Велли Модель машины 1:34-39 PORSCHE TAYCAN TURBO S;509 руб.;279 руб.;Товар есть в наличии;/bitrix/templates/toy_2018/img/logo_forever.svg
Казань;Welly 43798 Велли Модель машины 1:34-39 NISSAN SKYLINE GT-R (R34);509 руб.;279 руб.;Товар есть в наличии;/bitrix/templates/toy_2018/img/logo_forever.svg
Region;Name;OldPrice;Price;Stock;ImgUrl
Казань;"Welly 97506M Велли Игровой набор ""Военная техника"" 5 шт.";669 руб.;469 руб.;Товар есть в наличии;/bitrix/templates/toy_2018/img/logo_forever.svg
Казань;Welly 12845P Велли модель мотоцикла Kawasaki Ninja ZX-10RR;579 руб.;379 руб.;Товар есть в наличии;/bitrix/templates/toy_2018/img/logo_forever.svg
Казань;Wincars YK-2206 Автобус с большими колёсами инерционный металл.10 см (в ассортименте);639 руб.;359 руб.;Товар есть в наличии;/bitrix/templates/toy_2018/img/logo_forever.svg
Казань;Welly 39893 Велли Модель машины Chevrolet Silverado 1:32;639 руб.;419 руб.;Товар есть в наличии;/bitrix/templates/toy_2018/img/logo_forever.svg
Казань;Childs Play LVY026 Машина Скорая помощь;2 879 руб.;1 589 руб.;Товар есть в наличии;/bitrix/templates/toy_2018/img/logo_forever.svg
Казань;"Screechers Wild 37751 Дикие Скричеры Машинка-трансформер ""Эндлес Файр"" л4";1 839 руб.;1 109 руб.;Товар есть в наличии;/bitrix/templates/toy_2018/img/logo_forever.svg
Казань;Wincars YK-2218 Пожарная часть Разборная инерционная машина с подъёмником, звук, свет;1 729 руб.;1 039 руб.;Товар есть в наличии;/bitrix/templates/toy_2018/img/logo_forever.svg
Казань;Eztec 60985 Железная дорога CHRISTMAS TRAIN (53 части);2 999 руб.;2 409 руб.;Товар есть в наличии;/bitrix/templates/toy_2018/img/logo_forever.svg
Казань;Welltoy WT-1002 Бетономешалка;919 руб.;509 руб.;Товар есть в наличии;/bitrix/templates/toy_2018/img/logo_forever.svg
Казань;Welltoy WT-1007 Каток;919 руб.;509 руб.;Товар есть в наличии;/bitrix/templates/toy_2018/img/logo_forever.svg
Казань;Welltoy WT-1010 Погрузчик фронтальный;919 руб.;509 руб.;Товар есть в наличии;/bitrix/templates/toy_2018/img/logo_forever.svg
Казань;Welltoy WT-1012 Экскаватор;919 руб.;509 руб.;Товар есть в наличии;/bitrix/templates/toy_2018/img/logo_forever.svg
Казань;"MicroMachines MMW0033 Игрушка ""Пожарная станция""";2 299 руб.;1 269 руб.;Товар есть в наличии;/bitrix/templates/toy_2018/img/logo_forever.svg
Казань;Welly 12853P Велли Модель мотоцикла 1:18 HONDA CBR650F;709 руб.;389 руб.;Товар есть в наличии;/bitrix/templates/toy_2018/img/logo_forever.svg
Казань;"Welly 99931 Велли Модель автобуса ""London bus NEW""";;819 руб.;Товар есть в наличии;/bitrix/templates/toy_2018/img/logo_forever.svg
Казань;Welly 12856P Велли Модель мотоцикла 1:18 YAMAHA YZF-R6;759 руб.;419 руб.;Товар есть в наличии;/bitrix/templates/toy_2018/img/logo_forever.svg
Казань;"Welly 98630-4B Велли Игровой набор ""Служба спасения - скорая помощь"" 4 шт";529 руб.;319 руб.;Товар есть в наличии;/bitrix/templates/toy_2018/img/logo_forever.svg
Казань;Daesung 406 Дайсунг Машина самосвал;2 249 руб.;1 239 руб.;Товар есть в наличии;/bitrix/templates/toy_2018/img/logo_forever.svg
Казань;Welly 39887 Велли Модель машины 1:32 HUMMER H3;769 руб.;469 руб.;Товар есть в наличии;/bitrix/templates/toy_2018/img/logo_forever.svg
Казань;Welly 12148P Велли Модель мотоцикла 1:18 HONDA Gold Wing;649 руб.;359 руб.;Товар есть в наличии;/bitrix/templates/toy_2018/img/logo_forever.svg
Казань;Welly 12164P Велли Модель мотоцикла 1:18 MOTORCYCLE / HONDA CBR900RR FIREBLADE;649 руб.;359 руб.;Товар есть в наличии;/bitrix/templates/toy_2018/img/logo_forever.svg
Казань;Welly 99930C Велли Модель автобуса 1:60-64 London Bus открытый;;539 руб.;Товар есть в наличии;/bitrix/templates/toy_2018/img/logo_forever.svg
Казань;Welly 99636 Велли Модель Погрузчик;639 руб.;359 руб.;Товар есть в наличии;/bitrix/templates/toy_2018/img/logo_forever.svg
Казань;Welly 52590 Велли Модель автобуса Mercedes-Benz (в ассортименте);809 руб.;529 руб.;Товар есть в наличии;/bitrix/templates/toy_2018/img/logo_forever.svg
Казань;Welly 2652 Велли Модель квадроцикла 1:18 KAWASAKI;599 руб.;389 руб.;Товар есть в наличии;/bitrix/templates/toy_2018/img/logo_forever.svg
Казань;Welly 99633 Велли Модель машины Автокран;799 руб.;439 руб.;Товар есть в наличии;/bitrix/templates/toy_2018/img/logo_forever.svg
Казань;Paw Patrol 16605 Щенячий патруль Машинка спасателя (в ассортименте);929 руб.;597 руб.;Товар есть в наличии;/bitrix/templates/toy_2018/img/logo_forever.svg
Казань;Welly 47001 Велли Модель машины 1:34-39 Hummer H3 Big Wheel;759 руб.;459 руб.;Товар есть в наличии;/bitrix/templates/toy_2018/img/logo_forever.svg
Казань;Welly 43704 модель машины 1:34-39 Mercedes-Benz G63 AMG 6x6;;579 руб.;Товар есть в наличии;/bitrix/templates/toy_2018/img/logo_forever.svg
Казань;"Mattel Hot Wheels FDY11 Хот Вилс Дополнительные детали для ""Умная"" трасса с Р/У машинками";5 369 руб.;3 759 руб.;Товар есть в наличии;/bitrix/templates/toy_2018/img/logo_forever.svg
